no,Bot Name,Name,Gender,Phone,Loan Number,paymentTotal,Create Date ,Due Date 
1,jari multifainens,Sandy,Female,6285727763926,72345678,531000,7/20/2020,5/25/2022
2,jari multifainens,Crab,Male,6285161520113,73345678,541000,7/10/2021,5/25/2022
3,jari multifainens,Dori,Female,6285782303804,74345678,551000,7/1/2021,5/25/2022
4,jari multifainens,Feri,Male,82236343685,75345678,561000,7/21/2021,5/25/2022
5,jari multifainens,Katty,Female,88239836272,76345678,571000,7/21/2021,5/25/2022
6,jari multifainens,Cas,Female,81231651890,77345678,581000,7/21/2021,5/25/2022
7,jari multifainens,Ellen,Male,81299237389,78345678,591000,7/11/2021,5/25/2022
8,jari multifainens,Faza,Female,8.95E+11,79345678,601000,6/11/2021,5/25/2022
9,jari multifainens,Kristo,Female,89672332751,80345678,611000,7/21/2021,5/25/2022
10,jari multifainens,Gigi,Female,82334630570,81345678,621000,7/10/2021,5/25/2022
